﻿Ticker,Sector
فولاژ,آهن و فولاد
فولاد,آهن و فولاد
ارفع,آهن و فولاد
هرمز,آهن و فولاد
فخاس,آهن و فولاد
فخوز,آهن و فولاد
فولای,آهن و فولاد
کگل,صنعت کانی‌های فلزی
کنور,صنعت کانی‌های فلزی
کچاد,صنعت کانی‌های فلزی
کگهر,صنعت کانی‌های فلزی
فباهنر,تولید فلزات گرانبهای غیرآهن
فاسمین,تولید فلزات گرانبهای غیرآهن
فایرا,تولید فلزات گرانبهای غیرآهن
فملی,تولید فلزات گرانبهای غیرآهن
تاپیکو,سرمایه گذاری
پارسان,سرمایه گذاری
وصندوق,سرمایه گذاری
ومعادن,سرمایه گذاری
وامید,سرمایه گذاری
سفارس,سرمایه گذاری
تیپیکو,سرمایه گذاری
آریان,سرمایه گذاری
شفا,سرمایه گذاری
جم پیلن,مواد شیمیایی-متنوع
بوعلی,مواد شیمیایی-متنوع
نوری,مواد شیمیایی-متنوع
شاراک,مواد شیمیایی-متنوع
پارس,مواد شیمیایی-متنوع
شغدیر,مواد شیمیایی-متنوع
شفن,مواد شیمیایی-متنوع
مارون,مواد شیمیایی-متنوع
جم,مواد شیمیایی-متنوع
شخارک,مواد شیمیایی-متنوع
شکبیر,مواد شیمیایی-متنوع
زاگرس,مواد شیمیایی-متنوع
شبریز,فرآورده های نفتی
شبندر,فرآورده های نفتی
شپنا,فرآورده های نفتی
شتران,فرآورده های نفتی
شرانل,فرآورده های نفتی
البرز,بیمه
آسیا,بیمه
کرماشا,تولید کود و ترکیبات نیتروژن
خراسان,تولید کود و ترکیبات نیتروژن
شپدیس,تولید کود و ترکیبات نیتروژن
شیراز,تولید کود و ترکیبات نیتروژن
وپاسار,بانکها و موسسات اعتباری
وخاور,بانکها و موسسات اعتباری
وبملت,بانکها و موسسات اعتباری
دلر,دارویی
هجرت,دارویی
دابور,دارویی
کاسپین,دارویی
دارو,دارویی
ددانا,دارویی