Ticker,level ,Sector
شپنا,p1,petrochemical
شبندر,p1,petrochemical
شبهرن,p2,petrochemical
شسپا,p2,petrochemical
زاگرس,c2,chemical
شاراک,c2,chemical
فارس,c1,chemical
تاپیکو,c1,chemical
وبصادر,b1,Bank
وتجارت,b1,Bank
وکار,b2,Bank
وخاور,b2,Bank
فملی,bm1,basic metals
فولاد,bm1,basic metals
هرمز,bm2,basic metals
فغدیر,bm2,basic metals
خودرو,car1,car
خساپا,car1,car
خمحرکه,car2,car
خوساز,car2,car
غبشهر,food1,food
وبشهر,food1,food
غسالم,food2,food
غدشت,food2,food